{
    "Servers": {
        "1": {
            "Name": "it4med",
            "Group": "Servers",
            "Host": "db",
            "Port": 5432,
            "MaintenanceDB": "it4med",
            "Username": "it4med",
            "SSLMode": "prefer",
            "SSLCert": "<STORAGE_DIR>/.postgresql/postgresql.crt",
            "SSLKey": "<STORAGE_DIR>/.postgresql/postgresql.key",
            "SSLCompression": 0,
            "Timeout": 10,
            "UseSSHTunnel": 0,
            "TunnelPort": "22",
            "TunnelAuthentication": 0
        }
    }
}