NAME_ENG;NAME_RUS;NSI_CODE_EEC;NSI_ELEMENT_CODE_EEC;PARENT;ID
"Digestive tract route";"Энтеральный";;;;1
"Gastric use";"Гастральный";;;1;3
"Gastroenteral use";"Гастроэнтеральный";;;1;4
"Intestinal use";"Интестинальный";;;1;5
"Cutaneous use";"Кожный";;;6;7
"Transdermal use";"Трансдермальный";;;6;8
"Intraepidermal use";"Внутриэпидермальный";;;6;9
"Skin scarification";"Кожная скарификация";;;6;10
"Epilesional use";"На очаг повреждения";;;6;11
"Topical route";"Местный";;;;12
"Oromucosal use";"Оромукозный";;;12;13
"Sublingual use";"Подъязычный";;;12;14
"Buccal use";"Буккальный";;;12;15
"Gingival use";"Гингивальный";;;12;16
"Dental use";"Дентальный";;;12;17
"Periodontal use";"Периодонтальный";;;12;18
"Nasal use";"Назальный";;;12;19
"Oropharyngeal use";"Орофарингеальный";;;12;20
"Laryngopharyngeal use";"Ларингофарингеальный";;;12;21
"Inhalation use";"Ингаляционный";;;12;22
"Endotracheopulmonary use";"Эндотрахеопульмональный";;;12;23
"Auricular use";"Ушной";;;12;24
"Ocular use";"Окулярный";;;12;25
"Urethral use";"Уретральный";;;12;26
"Vaginal use";"Вагинальный";;;12;27
"Endocervical use";"Эндоцервикальный";;;12;28
"Intrauterine use";"Внутриматочный";;;12;29
"Rectal use";"Ректальный";;;12;30
"Parenteral route";"Парентеральный";;;;31
"Intraarterial use";"Внутриартериальный";;;31;32
"Intracoronary use";"Интракоронарный";;;31;33
"Intravenous use";"Внутривенный";;;31;34
"Intraportal use";"Интрапортальный";;;31;35
"Intralymphatic use";"Внутрилимфатический";;;31;36
"Intramuscular use";"Внутримышечный";;;31;37
"Intradermal use";"Внутрикожный";;;31;38
"Subcutaneous use";"Подкожный";;;31;39
"Submucosal use";"Субмукозный";;;31;40
"Intracholangiopancreatic use";"Интрахолангиопанкреатический";;;31;41
"Endosinusial use";"Внутрисинусный";;;31;42
"Intraocular use";"Интраокулярный";;;31;43
"Subconjunctival use";"Субконъюнктивальный";;;31;44
"Retrobulbar use";"Ретробульбарный";;;31;45
"Intracameral use";"В переднюю камеру глаза";;;31;46
"Intravitreal use";"Интравитреальный";;;31;47
"Posterior juxtascleral use";"Задний юкстасклеральный";;;31;48
"Subretinal use";"Субретинальный";;;31;49
"Perineural use";"Периневральный";;;31;50
"Intracerebral use";"Интрацеребральный";;;31;51
"Intrathecal use";"Интратекальный";;;31;52
"Epidural use";"Эпидуральный";;;31;53
"Intracerebroventricular use";"Интрацеребровентрикулярный";;;31;54
"Intracisternal use";"Интрацистернальный";;;31;55
"Intradiscal use";"Интрадискальный";;;31;56
"Intraarticular use";"Внутрисуставный";;;31;57
"Periarticular use";"Периартикулярный";;;31;58
"Intrabursal use";"Интрабурсальный";;;31;59
"Intracartilaginous use";"Внутрихрящевой";;;31;60
"Intrasternal use";"Интрастернальный";;;31;61
"Intraosseous use";"Внутрикостный";;;31;62
"Periosseous use";"Периостальный";;;31;63
"Intracardiac use";"Интракардиальный";;;31;64
"Intracervical use";"Интрацервикальный";;;31;66
"Intravesical use";"Внутрипузырный";;;31;67
"Intrapericardial use";"Интраперикардиальный";;;31;68
"Intrapleural use";"Внутриплевральный";;;31;69
"Intraperitoneal use";"Интраперитонеальный";;;31;70
"Intraglandular use";"Интрагландулярный";;;31;71
"Intraprostatic use";"Интрапростатический";;;31;72
"Intracavernous use";"Интракавернозный";;;31;73
"Intraamniotic use";"Интраамниотический";;;31;74
"Extraamniotic use";"Экстраамниотический";;;31;75
"Intralesional use";"Внутрь очага повреждения";;;31;76
"Intratumoral use";"Внутриопухолевый";;;31;77
"Peritumoral use";"Околоопухолевый";;;31;78
"Extracorporeal use";"Экстракорпоральный";;;31;79
"Implantation";"Имплантация";;;31;80
"Infiltration";"Инфильтрация";;;31;81
"Haemodialysis";"Гемодиализ";;;31;82
"Iontophoresis";"Ионофорез";;;6;83
"Intracorneal use";"Интракорнеальный";;;31;84
"Intrameningeal use";"Интраменингеальный";;;31;85
"Intraputaminal use";"Интрапутаминальный";;;31;86
"Transplacental";"Трансплацентарный";;;31;87
"Transmammary";"Трансмаммарный";;;1;88
"External use";"Наружный";;;;6
"Oral use";"Пероральный";;;1;2
"Intraventricular use";"Интравентрикулярный";;;31;65